{"loss": [7.2149834632873535, 6.751288414001465, 6.615658283233643, 6.560997486114502, 6.540938377380371, 6.576893329620361, 6.5628662109375, 6.489641189575195, 6.504504680633545, 6.527644157409668], "accuracy": [0.3592431843280792, 0.5062522292137146, 0.5406928062438965, 0.5578348636627197, 0.5651753544807434, 0.5674514770507812, 0.5722312927246094, 0.5803542137145996, 0.5803115367889404, 0.5815918445587158], "val_loss": [0.8027381896972656, 0.4920390546321869, 0.43034714460372925, 0.3460671007633209, 0.2910486161708832, 0.18471288681030273, 0.18467332422733307, 0.3033732771873474, 0.16884978115558624, 0.18768011033535004], "val_accuracy": [0.7437969446182251, 0.8384361267089844, 0.8603460192680359, 0.8915888667106628, 0.904962420463562, 0.9395629167556763, 0.9388800263404846, 0.9050193428993225, 0.9469610452651978, 0.9394491314888]}